{"loglik":29824.607768399273,"nobs_":131209,"pair copulas":{"tree0":{"pc0":{"fam":"Gaussian","ll":346.59234712377145,"nobs":131209,"npars":1.0,"par":{"data":[-0.2497119604799733],"shape":[1,1]},"rot":0,"vt":["d","d"]},"pc1":{"fam":"Gaussian","ll":107.68893149087262,"nobs":131209,"npars":1.0,"par":{"data":[0.21343026685312305],"shape":[1,1]},"rot":0,"vt":["d","d"]},"pc10":{"fam":"Gaussian","ll":374.7467325828353,"nobs":131209,"npars":1.0,"par":{"data":[0.2837393872403532],"shape":[1,1]},"rot":0,"vt":["d","d"]},"pc11":{"fam":"Gaussian","ll":1954.00350425166,"nobs":131209,"npars":1.0,"par":{"data":[0.3793481483799764],"shape":[1,1]},"rot":0,"vt":["d","d"]},"pc12":{"fam":"Gaussian","ll":588.5169996397307,"nobs":131209,"npars":1.0,"par":{"data":[0.1765216827814512],"shape":[1,1]},"rot":0,"vt":["d","d"]},"pc13":{"fam":"Gaussian","ll":368.7582942859273,"nobs":131209,"npars":1.0,"par":{"data":[0.21683476493845394],"shape":[1,1]},"rot":0,"vt":["d","d"]},"pc14":{"fam":"Gaussian","ll":1175.1401790329667,"nobs":131209,"npars":1.0,"par":{"data":[0.20945632572857487],"shape":[1,1]},"rot":0,"vt":["d","d"]},"pc15":{"fam":"Gaussian","ll":1682.5351583693102,"nobs":131209,"npars":1.0,"par":{"data":[0.29451447196210745],"shape":[1,1]},"rot":0,"vt":["d","d"]},"pc16":{"fam":"Gaussian","ll":1887.5906018506134,"nobs":131209,"npars":1.0,"par":{"data":[0.285999821988401],"shape":[1,1]},"rot":0,"vt":["d","d"]},"pc17":{"fam":"Gaussian","ll":2048.603552575614,"nobs":131209,"npars":1.0,"par":{"data":[0.3160963822381043],"shape":[1,1]},"rot":0,"vt":["d","d"]},"pc18":{"fam":"Gaussian","ll":2151.8638165268308,"nobs":131209,"npars":1.0,"par":{"data":[0.29639557906482983],"shape":[1,1]},"rot":0,"vt":["d","d"]},"pc19":{"fam":"Gaussian","ll":361.2505111531057,"nobs":131209,"npars":1.0,"par":{"data":[0.19207801549818487],"shape":[1,1]},"rot":0,"vt":["d","d"]},"pc2":{"fam":"Gaussian","ll":94.60422342791267,"nobs":131209,"npars":1.0,"par":{"data":[0.1870194452117301],"shape":[1,1]},"rot":0,"vt":["d","d"]},"pc3":{"fam":"Gaussian","ll":1657.8913586162319,"nobs":131209,"npars":1.0,"par":{"data":[0.3249362372237575],"shape":[1,1]},"rot":0,"vt":["d","d"]},"pc4":{"fam":"Gaussian","ll":1077.6700019418076,"nobs":131209,"npars":1.0,"par":{"data":[0.3072224029946316],"shape":[1,1]},"rot":0,"vt":["d","d"]},"pc5":{"fam":"Gaussian","ll":2174.898446648136,"nobs":131209,"npars":1.0,"par":{"data":[0.3141230449843655],"shape":[1,1]},"rot":0,"vt":["d","d"]},"pc6":{"fam":"Gaussian","ll":2705.353787229038,"nobs":131209,"npars":1.0,"par":{"data":[0.3762871197739525],"shape":[1,1]},"rot":0,"vt":["d","d"]},"pc7":{"fam":"Gaussian","ll":2967.3211157258834,"nobs":131209,"npars":1.0,"par":{"data":[0.36940557143487673],"shape":[1,1]},"rot":0,"vt":["d","d"]},"pc8":{"fam":"Gaussian","ll":3946.4317897399956,"nobs":131209,"npars":1.0,"par":{"data":[0.40670218922890755],"shape":[1,1]},"rot":0,"vt":["d","d"]},"pc9":{"fam":"Gaussian","ll":2153.146416187027,"nobs":131209,"npars":1.0,"par":{"data":[0.34301649517622435],"shape":[1,1]},"rot":0,"vt":["d","d"]}}},"structure":{"array":{"d":21,"data":[[9,9,12,9,7,7,10,19,19,19,13,13,15,19,17,17,18,19,20,21]],"t":1},"order":[5,10,2,12,6,13,15,3,4,9,8,11,17,18,7,14,19,20,16,1,21]},"threshold":0.0,"var_types":["d","d","d","d","d","d","d","d","d","d","d","d","d","d","d","d","d","d","d","d","d"]}
